延ばす,のばす,6thGrade1.png,6thGrade1.mp3
遺伝,いでん,6thGrade2.png,6thGrade2.mp3
宇宙,うちゅう,6thGrade3.png,6thGrade3.mp3
地域,ちいき,6thGrade4.png,6thGrade4.mp3
灰皿,はいざら,6thGrade5.png,6thGrade5.mp3
延期,えんき,6thGrade6.png,6thGrade6.mp3
沿う,そう,6thGrade7.png,6thGrade7.mp3
沿線,えんせん,6thGrade8.png,6thGrade8.mp3
異なる,ことなる,6thGrade9.png,6thGrade9.mp3
映画館,えいがかん,6thGrade10.png,6thGrade10.mp3
我,われ,6thGrade11.png,6thGrade11.mp3
灰色,はいいろ,6thGrade12.png,6thGrade12.mp3
延びる,のびる,6thGrade13.png,6thGrade13.mp3
拡大,かくだい,6thGrade14.png,6thGrade14.mp3
映る,うつる,6thGrade15.png,6thGrade15.mp3
異議,いぎ,6thGrade16.png,6thGrade16.mp3
映す,うつす,6thGrade17.png,6thGrade17.mp3
遺産,いさん,6thGrade18.png,6thGrade18.mp3
流域,りゅういき,6thGrade19.png,6thGrade19.mp3
異義語,いぎご,6thGrade20.png,6thGrade20.mp3
割る,わる,6thGrade21.png,6thGrade21.mp3
革命,かくめい,6thGrade22.png,6thGrade22.mp3
切り株,きりかぶ,6thGrade23.png,6thGrade23.mp3
割合,わりあい,6thGrade24.png,6thGrade24.mp3
改革,かいかく,6thGrade25.png,6thGrade25.mp3
干満,かんまん,6thGrade26.png,6thGrade26.mp3
干す,ほす,6thGrade27.png,6thGrade27.mp3
絵巻物,えまきもの,6thGrade28.png,6thGrade28.mp3
巻く,まく,6thGrade29.png,6thGrade29.mp3
看病,かんびょう,6thGrade30.png,6thGrade30.mp3
巻末,かんまつ,6thGrade31.png,6thGrade31.mp3
簡単,かんたん,6thGrade32.png,6thGrade32.mp3
机,つくえ,6thGrade33.png,6thGrade33.mp3
指揮者,しきしゃ,6thGrade34.png,6thGrade34.mp3
割れる,われる,6thGrade35.png,6thGrade35.mp3
危険,きけん,6thGrade36.png,6thGrade36.mp3
看板,かんばん,6thGrade37.png,6thGrade37.mp3
発揮,はっき,6thGrade38.png,6thGrade38.mp3
危ない,あぶない,6thGrade39.png,6thGrade39.mp3
天守閣,てんしゅかく,6thGrade40.png,6thGrade40.mp3
吸う,すう,6thGrade41.png,6thGrade41.mp3
貴重,きちょう,6thGrade42.png,6thGrade42.mp3
疑う,うたがう,6thGrade43.png,6thGrade43.mp3
疑問,ぎもん,6thGrade44.png,6thGrade44.mp3
供える,そなえる,6thGrade45.png,6thGrade45.mp3
吸入,きゅうにゅう,6thGrade46.png,6thGrade46.mp3
胸,むね,6thGrade47.png,6thGrade47.mp3
敬語,けいご,6thGrade48.png,6thGrade48.mp3
勤める,つとめる,6thGrade49.png,6thGrade49.mp3
試供品,しきょうひん,6thGrade50.png,6thGrade50.mp3
筋,すじ,6thGrade51.png,6thGrade51.mp3
胸囲,きょうい,6thGrade52.png,6thGrade52.mp3
勤勉,きんべん,6thGrade53.png,6thGrade53.mp3
強度,きょうど,6thGrade54.png,6thGrade54.mp3
敬う,うやまう,6thGrade55.png,6thGrade55.mp3
通勤,つうきん,6thGrade56.png,6thGrade56.mp3
お供,おとも,6thGrade57.png,6thGrade57.mp3
筋肉,きんにく,6thGrade58.png,6thGrade58.mp3
敬礼,けいれい,6thGrade59.png,6thGrade59.mp3
太陽系,たいようけい,6thGrade60.png,6thGrade60.mp3
権力,けんりょく,6thGrade61.png,6thGrade61.mp3
憲章,けんしょう,6thGrade62.png,6thGrade62.mp3
激しく,はげしく,6thGrade63.png,6thGrade63.mp3
急激な,きゅうげきな,6thGrade64.png,6thGrade64.mp3
絹,きぬ,6thGrade65.png,6thGrade65.mp3
権利,けんり,6thGrade66.png,6thGrade66.mp3
演劇,えんげき,6thGrade67.png,6thGrade67.mp3
憲法,けんぽう,6thGrade68.png,6thGrade68.mp3
感激,かんげき,6thGrade69.png,6thGrade69.mp3
深呼吸,しんこきゅう,6thGrade70.png,6thGrade70.mp3
厳しい,きびしい,6thGrade71.png,6thGrade71.mp3
厳重,げんじゅう,6thGrade72.png,6thGrade72.mp3
警備,けいび,6thGrade73.png,6thGrade73.mp3
自己しょうかい,じこしょうかい,6thGrade74.png,6thGrade74.mp3
源,みなもと,6thGrade75.png,6thGrade75.mp3
資源,しげん,6thGrade76.png,6thGrade76.mp3
穴,あな,6thGrade77.png,6thGrade77.mp3
厳守,げんしゅ,6thGrade78.png,6thGrade78.mp3
呼ぶ,よぶ,6thGrade79.png,6thGrade79.mp3
警察官,けいさつかん,6thGrade80.png,6thGrade80.mp3
降りる,おりる,6thGrade81.png,6thGrade81.mp3
誤字,ごじ,6thGrade82.png,6thGrade82.mp3
誤る,あやまる,6thGrade83.png,6thGrade83.mp3
皇后,こうごう,6thGrade84.png,6thGrade84.mp3
骨折,こっせつ,6thGrade85.png,6thGrade85.mp3
紅茶,こうちゃ,6thGrade86.png,6thGrade86.mp3
穀類,こくるい,6thGrade87.png,6thGrade87.mp3
法王,ほうおう,6thGrade88.png,6thGrade88.mp3
刻む,きざむ,6thGrade89.png,6thGrade89.mp3
降水量,こうすいりょう,6thGrade90.png,6thGrade90.mp3
降る,ふる,6thGrade91.png,6thGrade91.mp3
口紅,くちべに,6thGrade92.png,6thGrade92.mp3
紅白,こうはく,6thGrade93.png,6thGrade93.mp3
鋼鉄,こうてつ,6thGrade94.png,6thGrade94.mp3
骨,ほね,6thGrade95.png,6thGrade95.mp3
時刻,じこく,6thGrade96.png,6thGrade96.mp3
皇居,こうきょ,6thGrade97.png,6thGrade97.mp3
穀物,こくもつ,6thGrade98.png,6thGrade98.mp3
鉄骨,てっこつ,6thGrade99.png,6thGrade99.mp3
親孝行,おやこうこう,6thGrade100.png,6thGrade100.mp3
貧困,ひんこん,6thGrade101.png,6thGrade101.mp3
砂鉄,さてつ,6thGrade102.png,6thGrade102.mp3
済ます,すます,6thGrade103.png,6thGrade103.mp3
座席,ざせき,6thGrade104.png,6thGrade104.mp3
困る,こまる,6thGrade105.png,6thGrade105.mp3
砂場,すなば,6thGrade106.png,6thGrade106.mp3
砂山,すなやま,6thGrade107.png,6thGrade107.mp3
経済,けいざい,6thGrade108.png,6thGrade108.mp3
至る,いたる,6thGrade109.png,6thGrade109.mp3
至急,しきゅう,6thGrade110.png,6thGrade110.mp3
裁く,さばく,6thGrade111.png,6thGrade111.mp3
対策,たいさく,6thGrade112.png,6thGrade112.mp3
私,わたし,6thGrade113.png,6thGrade113.mp3
別冊,べっさつ,6thGrade114.png,6thGrade114.mp3
蚕,かいこ,6thGrade115.png,6thGrade115.mp3
養蚕,ようさん,6thGrade116.png,6thGrade116.mp3
済む,すむ,6thGrade117.png,6thGrade117.mp3
裁判,さいばん,6thGrade118.png,6thGrade118.mp3
正座,せいざ,6thGrade119.png,6thGrade119.mp3
私鉄,してつ,6thGrade120.png,6thGrade120.mp3
収集,しゅうしゅう,6thGrade121.png,6thGrade121.mp3
姿勢,しせい,6thGrade122.png,6thGrade122.mp3
姿,すがた,6thGrade123.png,6thGrade123.mp3
重視,じゅうし,6thGrade124.png,6thGrade124.mp3
若い,わかい,6thGrade125.png,6thGrade125.mp3
日誌,にっし,6thGrade126.png,6thGrade126.mp3
捨てる,すてる,6thGrade127.png,6thGrade127.mp3
磁石,じしゃく,6thGrade128.png,6thGrade128.mp3
射る,いる,6thGrade129.png,6thGrade129.mp3
作詞家,さくしか,6thGrade130.png,6thGrade130.mp3
収める,おさめる,6thGrade131.png,6thGrade131.mp3
反射,はんしゃ,6thGrade132.png,6thGrade132.mp3
収まる,おさまる,6thGrade133.png,6thGrade133.mp3
四捨五入,ししゃごにゅう,6thGrade134.png,6thGrade134.mp3
磁気,じき,6thGrade135.png,6thGrade135.mp3
尺八,しゃくはち,6thGrade136.png,6thGrade136.mp3
容姿,ようし,6thGrade137.png,6thGrade137.mp3
若者,わかもの,6thGrade138.png,6thGrade138.mp3
尺度,しゃくど,6thGrade139.png,6thGrade139.mp3
街路樹,がいろじゅ,6thGrade140.png,6thGrade140.mp3
公衆電話,こうしゅうでんわ,6thGrade141.png,6thGrade141.mp3
宗教,しゅうきょう,6thGrade142.png,6thGrade142.mp3
純白,じゅんぱく,6thGrade143.png,6thGrade143.mp3
就職,しゅうしょく,6thGrade144.png,6thGrade144.mp3
従来,じゅうらい,6thGrade145.png,6thGrade145.mp3
民衆,みんしゅう,6thGrade146.png,6thGrade146.mp3
縮む,ちぢむ,6thGrade147.png,6thGrade147.mp3
縦断,じゅうだん,6thGrade148.png,6thGrade148.mp3
縦,たて,6thGrade149.png,6thGrade149.mp3
警察署,けいさつしょ,6thGrade150.png,6thGrade150.mp3
従う,したがう,6thGrade151.png,6thGrade151.mp3
縮小,しゅくしょう,6thGrade152.png,6thGrade152.mp3
半熟,はんじゅく,6thGrade153.png,6thGrade153.mp3
単純,たんじゅん,6thGrade154.png,6thGrade154.mp3
署名,しょめい,6thGrade155.png,6thGrade155.mp3
処分,しょぶん,6thGrade156.png,6thGrade156.mp3
処置,しょち,6thGrade157.png,6thGrade157.mp3
諸国,しょこく,6thGrade158.png,6thGrade158.mp3
縮める,ちぢめる,6thGrade159.png,6thGrade159.mp3
従業員,じゅうぎょういん,6thGrade160.png,6thGrade160.mp3
負傷,ふしょう,6thGrade161.png,6thGrade161.mp3
将来,しょうらい,6thGrade162.png,6thGrade162.mp3
傷,きず,6thGrade163.png,6thGrade163.mp3
除雪,じょせつ,6thGrade164.png,6thGrade164.mp3
推理,すいり,6thGrade165.png,6thGrade165.mp3
損傷,そんしょう,6thGrade166.png,6thGrade166.mp3
垂れる,たれる,6thGrade167.png,6thGrade167.mp3
故障,こしょう,6thGrade168.png,6thGrade168.mp3
除く,のぞく,6thGrade169.png,6thGrade169.mp3
城下町,じょうかまち,6thGrade170.png,6thGrade170.mp3
針,はり,6thGrade171.png,6thGrade171.mp3
蒸発,じょうはつ,6thGrade172.png,6thGrade172.mp3
垂らす,たらす,6thGrade173.png,6thGrade173.mp3
方針,ほうしん,6thGrade174.png,6thGrade174.mp3
推察,すいさつ,6thGrade175.png,6thGrade175.mp3
仁術,じんじゅつ,6thGrade176.png,6thGrade176.mp3
寸法,すんぽう,6thGrade177.png,6thGrade177.mp3
垂直,すいちょく,6thGrade178.png,6thGrade178.mp3
城,しろ,6thGrade179.png,6thGrade179.mp3
寸前,すんぜん,6thGrade180.png,6thGrade180.mp3
宣告,せんこく,6thGrade181.png,6thGrade181.mp3
聖火,せいか,6thGrade182.png,6thGrade182.mp3
独奏,どくそう,6thGrade183.png,6thGrade183.mp3
誠意,せいい,6thGrade184.png,6thGrade184.mp3
染める,そめる,6thGrade185.png,6thGrade185.mp3
宣伝,せんでん,6thGrade186.png,6thGrade186.mp3
盛る,もる,6thGrade187.png,6thGrade187.mp3
専用,せんよう,6thGrade188.png,6thGrade188.mp3
泉,いずみ,6thGrade189.png,6thGrade189.mp3
温泉,おんせん,6thGrade190.png,6thGrade190.mp3
染まる,そまる,6thGrade191.png,6thGrade191.mp3
洗顔,せんがん,6thGrade192.png,6thGrade192.mp3
洗う,あらう,6thGrade193.png,6thGrade193.mp3
善悪,ぜんあく,6thGrade194.png,6thGrade194.mp3
神聖,しんせい,6thGrade195.png,6thGrade195.mp3
演奏,えんそう,6thGrade196.png,6thGrade196.mp3
善い,よい,6thGrade197.png,6thGrade197.mp3
専念,せんねん,6thGrade198.png,6thGrade198.mp3
冷泉,れいせん,6thGrade199.png,6thGrade199.mp3
改善,かいぜん,6thGrade200.png,6thGrade200.mp3
車窓,しゃそう,6thGrade201.png,6thGrade201.mp3
創立,そうりつ,6thGrade202.png,6thGrade202.mp3
自宅,じたく,6thGrade203.png,6thGrade203.mp3
服装,ふくそう,6thGrade204.png,6thGrade204.mp3
窓,まど,6thGrade205.png,6thGrade205.mp3
地層,ちそう,6thGrade206.png,6thGrade206.mp3
担任,たんにん,6thGrade207.png,6thGrade207.mp3
体操,たいそう,6thGrade208.png,6thGrade208.mp3
尊ぶ,とうとぶ,6thGrade209.png,6thGrade209.mp3
冷蔵庫,れいぞうこ,6thGrade210.png,6thGrade210.mp3
操縦,そうじゅう,6thGrade211.png,6thGrade211.mp3
内臓,ないぞう,6thGrade212.png,6thGrade212.mp3
装置,そうち,6thGrade213.png,6thGrade213.mp3
存在,そんざい,6thGrade214.png,6thGrade214.mp3
貯蔵,ちょぞう,6thGrade215.png,6thGrade215.mp3
尊敬,そんけい,6thGrade216.png,6thGrade216.mp3
尊い,とうとい,6thGrade217.png,6thGrade217.mp3
思う存分,おもうぞんぶん,6thGrade218.png,6thGrade218.mp3
創る,つくる,6thGrade219.png,6thGrade219.mp3
同窓会,どうそうかい,6thGrade220.png,6thGrade220.mp3
高潮,たかしお,6thGrade221.png,6thGrade221.mp3
値段,ねだん,6thGrade222.png,6thGrade222.mp3
著名,ちょめい,6thGrade223.png,6thGrade223.mp3
探検,たんけん,6thGrade224.png,6thGrade224.mp3
階段,かいだん,6thGrade225.png,6thGrade225.mp3
温暖,おんだん,6thGrade226.png,6thGrade226.mp3
暖まる,あたたまる,6thGrade227.png,6thGrade227.mp3
価値,かち,6thGrade228.png,6thGrade228.mp3
宙づり,ちゅうづり,6thGrade229.png,6thGrade229.mp3
誕生日,たんじょうび,6thGrade230.png,6thGrade230.mp3
暖かい,あたたかい,6thGrade231.png,6thGrade231.mp3
忠実,ちゅうじつ,6thGrade232.png,6thGrade232.mp3
探す,さがす,6thGrade233.png,6thGrade233.mp3
著者,ちょしゃ,6thGrade234.png,6thGrade234.mp3
頂く,いただく,6thGrade235.png,6thGrade235.mp3
県庁,けんちょう,6thGrade236.png,6thGrade236.mp3
頂,いただき,6thGrade237.png,6thGrade237.mp3
頂上,ちょうじょう,6thGrade238.png,6thGrade238.mp3
満潮,まんちょう,6thGrade239.png,6thGrade239.mp3
風潮,ふうちょう,6thGrade240.png,6thGrade240.mp3
認める,みとめる,6thGrade241.png,6thGrade241.mp3
母乳,ぼにゅう,6thGrade242.png,6thGrade242.mp3
届く,とどく,6thGrade243.png,6thGrade243.mp3
苦痛,くつう,6thGrade244.png,6thGrade244.mp3
痛む,いたむ,6thGrade245.png,6thGrade245.mp3
検討する,けんとうする,6thGrade246.png,6thGrade246.mp3
届ける,とどける,6thGrade247.png,6thGrade247.mp3
政党,せいとう,6thGrade248.png,6thGrade248.mp3
発展,はってん,6thGrade249.png,6thGrade249.mp3
難問,なんもん,6thGrade250.png,6thGrade250.mp3
難しい,むずかしい,6thGrade251.png,6thGrade251.mp3
砂糖,さとう,6thGrade252.png,6thGrade252.mp3
納める,おさめる,6thGrade253.png,6thGrade253.mp3
牛乳,ぎゅうにゅう,6thGrade254.png,6thGrade254.mp3
痛い,いたい,6thGrade255.png,6thGrade255.mp3
納税,のうぜい,6thGrade256.png,6thGrade256.mp3
乳,ちち,6thGrade257.png,6thGrade257.mp3
運賃,うんちん,6thGrade258.png,6thGrade258.mp3
家賃,やちん,6thGrade259.png,6thGrade259.mp3
展望台,てんぼうだい,6thGrade260.png,6thGrade260.mp3
首脳,しゅのう,6thGrade261.png,6thGrade261.mp3
頭脳,ずのう,6thGrade262.png,6thGrade262.mp3
賛否,さんぴ,6thGrade263.png,6thGrade263.mp3
派生,はせい,6thGrade264.png,6thGrade264.mp3
秘湯,ひとう,6thGrade265.png,6thGrade265.mp3
拝見,はいけん,6thGrade266.png,6thGrade266.mp3
批評,ひひょう,6thGrade267.png,6thGrade267.mp3
背景,はいけい,6thGrade268.png,6thGrade268.mp3
毎晩,まいばん,6thGrade269.png,6thGrade269.mp3
俳句,はいく,6thGrade270.png,6thGrade270.mp3
拝む,おがむ,6thGrade271.png,6thGrade271.mp3
背比べ,せいくらべ,6thGrade272.png,6thGrade272.mp3
肺,はい,6thGrade273.png,6thGrade273.mp3
否定,ひてい,6thGrade274.png,6thGrade274.mp3
背骨,せぼね,6thGrade275.png,6thGrade275.mp3
批判,ひはん,6thGrade276.png,6thGrade276.mp3
班,はん,6thGrade277.png,6thGrade277.mp3
秘境,ひきょう,6thGrade278.png,6thGrade278.mp3
朝晩,あさばん,6thGrade279.png,6thGrade279.mp3
派手,はで,6thGrade280.png,6thGrade280.mp3
腹,はら,6thGrade281.png,6thGrade281.mp3
興奮,こうふん,6thGrade282.png,6thGrade282.mp3
奮う,ふるう,6thGrade283.png,6thGrade283.mp3
腹痛,ふくつう,6thGrade284.png,6thGrade284.mp3
並ぶ,ならぶ,6thGrade285.png,6thGrade285.mp3
陛下,へいか,6thGrade286.png,6thGrade286.mp3
補う,おぎなう,6thGrade287.png,6thGrade287.mp3
閉店,へいてん,6thGrade288.png,6thGrade288.mp3
閉じる,とじる,6thGrade289.png,6thGrade289.mp3
片道,かたみち,6thGrade290.png,6thGrade290.mp3
暮れる,くれる,6thGrade291.png,6thGrade291.mp3
補足,ほそく,6thGrade292.png,6thGrade292.mp3
閉める,しめる,6thGrade293.png,6thGrade293.mp3
宝石,ほうせき,6thGrade294.png,6thGrade294.mp3
暮らす,くらす,6thGrade295.png,6thGrade295.mp3
訪問,ほうもん,6thGrade296.png,6thGrade296.mp3
訪ねる,たずねる,6thGrade297.png,6thGrade297.mp3
宝物,たからもの,6thGrade298.png,6thGrade298.mp3
並,なみ,6thGrade299.png,6thGrade299.mp3
並木道,なみきみち,6thGrade300.png,6thGrade300.mp3
幕末,ばくまつ,6thGrade301.png,6thGrade301.mp3
死亡,しぼう,6thGrade302.png,6thGrade302.mp3
密集,みっしゅう,6thGrade303.png,6thGrade303.mp3
枚数,まいすう,6thGrade304.png,6thGrade304.mp3
訳,わけ,6thGrade305.png,6thGrade305.mp3
密林,みつりん,6thGrade306.png,6thGrade306.mp3
金棒,かなぼう,6thGrade307.png,6thGrade307.mp3
幕府,ばくふ,6thGrade308.png,6thGrade308.mp3
日本語訳,にほんごやく,6thGrade309.png,6thGrade309.mp3
郵便局,ゆうびんきょく,6thGrade310.png,6thGrade310.mp3
模様,もよう,6thGrade311.png,6thGrade311.mp3
模型,もけい,6thGrade312.png,6thGrade312.mp3
鉄棒,てつぼう,6thGrade313.png,6thGrade313.mp3
同盟,どうめい,6thGrade314.png,6thGrade314.mp3
忘れる,わすれる,6thGrade315.png,6thGrade315.mp3
優勝,ゆうしょう,6thGrade316.png,6thGrade316.mp3
加盟,かめい,6thGrade317.png,6thGrade317.mp3
郵送,ゆうそう,6thGrade318.png,6thGrade318.mp3
幕,まく,6thGrade319.png,6thGrade319.mp3
大規模,だいきぼ,6thGrade320.png,6thGrade320.mp3
明朗,めいろう,6thGrade321.png,6thGrade321.mp3
混乱,こんらん,6thGrade322.png,6thGrade322.mp3
幼い,おさない,6thGrade323.png,6thGrade323.mp3
食欲,しょくよく,6thGrade324.png,6thGrade324.mp3
裏道,うらみち,6thGrade325.png,6thGrade325.mp3
翌日,よくじつ,6thGrade326.png,6thGrade326.mp3
欲張り,よくばり,6thGrade327.png,6thGrade327.mp3
幼虫,ようちゅう,6thGrade328.png,6thGrade328.mp3
幼児,ようじ,6thGrade329.png,6thGrade329.mp3
展覧会,てんらんかい,6thGrade330.png,6thGrade330.mp3
討論,とうろん,6thGrade331.png,6thGrade331.mp3
法律,ほうりつ,6thGrade332.png,6thGrade332.mp3
裏通り,うらどおり,6thGrade333.png,6thGrade333.mp3
臨時,りんじ,6thGrade334.png,6thGrade334.mp3
卵,たまご,6thGrade335.png,6thGrade335.mp3
朗読,ろうどく,6thGrade336.png,6thGrade336.mp3
乱れる,みだれる,6thGrade337.png,6thGrade337.mp3
結論,けつろん,6thGrade338.png,6thGrade338.mp3
乱す,みだす,6thGrade339.png,6thGrade339.mp3
卵焼き,たまごやき,6thGrade340.png,6thGrade340.mp3